Method,Job,AnalyzeLaunchVariance,EvaluateOverhead,MaxAbsoluteError,MaxRelativeError,MinInvokeCount,MinIterationTime,OutlierMode,Affinity,EnvironmentVariables,Jit,LargeAddressAware,Platform,PowerPlanMode,Runtime,AllowVeryLargeObjects,Concurrent,CpuGroups,Force,HeapAffinitizeMask,HeapCount,NoAffinitize,RetainVm,Server,Arguments,BuildConfiguration,Clock,EngineFactory,NuGetReferences,Toolchain,IsMutator,InvocationCount,IterationCount,IterationTime,LaunchCount,MaxIterationCount,MaxWarmupIterationCount,MemoryRandomization,MinIterationCount,MinWarmupIterationCount,RunStrategy,UnrollFactor,WarmupCount,WorkerCount,Mean,Error,StdDev,Ratio,RatioSD,Allocated,Alloc Ratio
Reservoir,ShortRun,False,Default,Default,Default,Default,Default,Default,11111111111111111111,Empty,RyuJit,Default,X64,8c5e7fda-e8bf-4a96-9a85-a6e23a8c635c,.NET 10.0,False,True,False,True,Default,Default,False,False,False,Default,Default,Default,Default,Default,Default,Default,Default,3,Default,1,Default,Default,Default,Default,Default,Default,16,3,1,11.255 ns,0.0725 ns,0.0040 ns,1.00,0.00,0 B,NA
MicrosoftExtensionsObjectPool,ShortRun,False,Default,Default,Default,Default,Default,Default,11111111111111111111,Empty,RyuJit,Default,X64,8c5e7fda-e8bf-4a96-9a85-a6e23a8c635c,.NET 10.0,False,True,False,True,Default,Default,False,False,False,Default,Default,Default,Default,Default,Default,Default,Default,3,Default,1,Default,Default,Default,Default,Default,Default,16,3,1,15.245 ns,0.6980 ns,0.0383 ns,1.35,0.00,0 B,NA
ConcurrentBag,ShortRun,False,Default,Default,Default,Default,Default,Default,11111111111111111111,Empty,RyuJit,Default,X64,8c5e7fda-e8bf-4a96-9a85-a6e23a8c635c,.NET 10.0,False,True,False,True,Default,Default,False,False,False,Default,Default,Default,Default,Default,Default,Default,Default,3,Default,1,Default,Default,Default,Default,Default,Default,16,3,1,41.016 ns,11.6822 ns,0.6403 ns,3.64,0.05,0 B,NA
Reservoir,ShortRun,False,Default,Default,Default,Default,Default,Default,11111111111111111111,Empty,RyuJit,Default,X64,8c5e7fda-e8bf-4a96-9a85-a6e23a8c635c,.NET 10.0,False,True,False,True,Default,Default,False,False,False,Default,Default,Default,Default,Default,Default,Default,Default,3,Default,1,Default,Default,Default,Default,Default,Default,16,3,4,2.981 ns,0.2319 ns,0.0127 ns,1.00,0.01,0 B,NA
MicrosoftExtensionsObjectPool,ShortRun,False,Default,Default,Default,Default,Default,Default,11111111111111111111,Empty,RyuJit,Default,X64,8c5e7fda-e8bf-4a96-9a85-a6e23a8c635c,.NET 10.0,False,True,False,True,Default,Default,False,False,False,Default,Default,Default,Default,Default,Default,Default,Default,3,Default,1,Default,Default,Default,Default,Default,Default,16,3,4,72.941 ns,11.5277 ns,0.6319 ns,24.47,0.20,0 B,NA
ConcurrentBag,ShortRun,False,Default,Default,Default,Default,Default,Default,11111111111111111111,Empty,RyuJit,Default,X64,8c5e7fda-e8bf-4a96-9a85-a6e23a8c635c,.NET 10.0,False,True,False,True,Default,Default,False,False,False,Default,Default,Default,Default,Default,Default,Default,Default,3,Default,1,Default,Default,Default,Default,Default,Default,16,3,4,66.191 ns,7.9628 ns,0.4365 ns,22.20,0.15,0 B,NA
Reservoir,ShortRun,False,Default,Default,Default,Default,Default,Default,11111111111111111111,Empty,RyuJit,Default,X64,8c5e7fda-e8bf-4a96-9a85-a6e23a8c635c,.NET 10.0,False,True,False,True,Default,Default,False,False,False,Default,Default,Default,Default,Default,Default,Default,Default,3,Default,1,Default,Default,Default,Default,Default,Default,16,3,8,1.754 ns,0.2753 ns,0.0151 ns,1.00,0.01,0 B,NA
MicrosoftExtensionsObjectPool,ShortRun,False,Default,Default,Default,Default,Default,Default,11111111111111111111,Empty,RyuJit,Default,X64,8c5e7fda-e8bf-4a96-9a85-a6e23a8c635c,.NET 10.0,False,True,False,True,Default,Default,False,False,False,Default,Default,Default,Default,Default,Default,Default,Default,3,Default,1,Default,Default,Default,Default,Default,Default,16,3,8,87.313 ns,5.4946 ns,0.3012 ns,49.79,0.40,0 B,NA
ConcurrentBag,ShortRun,False,Default,Default,Default,Default,Default,Default,11111111111111111111,Empty,RyuJit,Default,X64,8c5e7fda-e8bf-4a96-9a85-a6e23a8c635c,.NET 10.0,False,True,False,True,Default,Default,False,False,False,Default,Default,Default,Default,Default,Default,Default,Default,3,Default,1,Default,Default,Default,Default,Default,Default,16,3,8,65.719 ns,17.8747 ns,0.9798 ns,37.48,0.56,0 B,NA
Reservoir,ShortRun,False,Default,Default,Default,Default,Default,Default,11111111111111111111,Empty,RyuJit,Default,X64,8c5e7fda-e8bf-4a96-9a85-a6e23a8c635c,.NET 10.0,False,True,False,True,Default,Default,False,False,False,Default,Default,Default,Default,Default,Default,Default,Default,3,Default,1,Default,Default,Default,Default,Default,Default,16,3,16,1.612 ns,0.0356 ns,0.0020 ns,1.00,0.00,0 B,NA
MicrosoftExtensionsObjectPool,ShortRun,False,Default,Default,Default,Default,Default,Default,11111111111111111111,Empty,RyuJit,Default,X64,8c5e7fda-e8bf-4a96-9a85-a6e23a8c635c,.NET 10.0,False,True,False,True,Default,Default,False,False,False,Default,Default,Default,Default,Default,Default,Default,Default,3,Default,1,Default,Default,Default,Default,Default,Default,16,3,16,83.165 ns,3.9310 ns,0.2155 ns,51.58,0.13,0 B,NA
ConcurrentBag,ShortRun,False,Default,Default,Default,Default,Default,Default,11111111111111111111,Empty,RyuJit,Default,X64,8c5e7fda-e8bf-4a96-9a85-a6e23a8c635c,.NET 10.0,False,True,False,True,Default,Default,False,False,False,Default,Default,Default,Default,Default,Default,Default,Default,3,Default,1,Default,Default,Default,Default,Default,Default,16,3,16,52.436 ns,3.6540 ns,0.2003 ns,32.52,0.11,0 B,NA
Reservoir,ShortRun,False,Default,Default,Default,Default,Default,Default,11111111111111111111,Empty,RyuJit,Default,X64,8c5e7fda-e8bf-4a96-9a85-a6e23a8c635c,.NET 10.0,False,True,False,True,Default,Default,False,False,False,Default,Default,Default,Default,Default,Default,Default,Default,3,Default,1,Default,Default,Default,Default,Default,Default,16,3,32,4.820 ns,0.7361 ns,0.0403 ns,1.00,0.01,0 B,NA
MicrosoftExtensionsObjectPool,ShortRun,False,Default,Default,Default,Default,Default,Default,11111111111111111111,Empty,RyuJit,Default,X64,8c5e7fda-e8bf-4a96-9a85-a6e23a8c635c,.NET 10.0,False,True,False,True,Default,Default,False,False,False,Default,Default,Default,Default,Default,Default,Default,Default,3,Default,1,Default,Default,Default,Default,Default,Default,16,3,32,83.826 ns,8.9469 ns,0.4904 ns,17.39,0.15,0 B,NA
ConcurrentBag,ShortRun,False,Default,Default,Default,Default,Default,Default,11111111111111111111,Empty,RyuJit,Default,X64,8c5e7fda-e8bf-4a96-9a85-a6e23a8c635c,.NET 10.0,False,True,False,True,Default,Default,False,False,False,Default,Default,Default,Default,Default,Default,Default,Default,3,Default,1,Default,Default,Default,Default,Default,Default,16,3,32,48.081 ns,3.4233 ns,0.1876 ns,9.97,0.08,0 B,NA
